{"cameraMode":{"drawMode":0,"name":"Shaded","section":"Shading Mode"},"sceneLighting":true,"audioPlay":false,"sceneViewState":{"showFog":true,"showMaterialUpdate":false,"showSkybox":true,"showFlares":true,"showImageEffects":true,"showParticleSystems":true},"in2DMode":false,"pivot":{"x":591.9111938476563,"y":347.8558654785156,"z":-145.12538146972657},"rotation":{"x":-0.06414160877466202,"y":0.011969633400440216,"z":0.000769235601183027,"w":0.9978687167167664},"size":1332.02685546875,"orthographic":true}