{"cameraMode":{"drawMode":0,"name":"Shaded","section":"Shading Mode"},"sceneLighting":false,"audioPlay":false,"sceneViewState":{"showFog":true,"showMaterialUpdate":false,"showSkybox":true,"showFlares":true,"showImageEffects":true,"showParticleSystems":true},"in2DMode":false,"pivot":{"x":-4.019999980926514,"y":4.809999942779541,"z":0.0},"rotation":{"x":-0.007805258501321077,"y":0.03359026089310646,"z":-0.0002624668995849788,"w":-0.9994052052497864},"size":1.4384373426437379,"orthographic":true}