{"cameraMode":{"drawMode":0,"name":"Shaded","section":"Shading Mode"},"sceneLighting":false,"audioPlay":false,"sceneViewState":{"showFog":true,"showMaterialUpdate":false,"showSkybox":true,"showFlares":true,"showImageEffects":true,"showParticleSystems":true},"in2DMode":false,"pivot":{"x":0.010000001639127732,"y":0.2669999897480011,"z":-0.01123046875},"rotation":{"x":-0.06414160877466202,"y":0.011969633400440216,"z":0.000769235601183027,"w":0.9978687167167664},"size":0.4950000047683716,"orthographic":true}