{"cameraMode":{"drawMode":0,"name":"Shaded","section":"Shading Mode"},"sceneLighting":false,"audioPlay":false,"sceneViewState":{"showFog":true,"showMaterialUpdate":false,"showSkybox":true,"showFlares":true,"showImageEffects":true,"showParticleSystems":true},"in2DMode":false,"pivot":{"x":0.44999998807907107,"y":0.35899999737739565,"z":0.18408203125},"rotation":{"x":-0.06414160877466202,"y":0.011969633400440216,"z":0.000769235601183027,"w":0.9978687167167664},"size":0.8083316683769226,"orthographic":true}